id,method,domain,direct_identifier_leakage,exact_attribute_leakage,coarse_attribute_leakage,risk_weighted_leakage,record_compromise_rate,label_preservation,utility_fact_preservation,token_change_rate
ratbench_english_0,none,Medical consultation,1.0,1.0,1.0,1.0,1.0,1.0,1.0,0.0
ratbench_english_1,none,Chatbot conversation,1.0,1.0,1.0,1.0,1.0,1.0,1.0,0.0
ratbench_english_2,none,Medical consultation,1.0,1.0,1.0,1.0,1.0,1.0,1.0,0.0
ratbench_english_3,none,Meeting transcript,1.0,1.0,1.0,1.0,1.0,1.0,1.0,0.0
ratbench_english_4,none,Medical consultation,0.0,1.0,1.0,1.0,1.0,1.0,1.0,0.0
ratbench_english_5,none,Meeting transcript,1.0,1.0,1.0,1.0,1.0,1.0,1.0,0.0
ratbench_english_6,none,Meeting transcript,1.0,1.0,1.0,1.0,1.0,1.0,1.0,0.0
ratbench_english_7,none,Meeting transcript,1.0,1.0,1.0,1.0,1.0,1.0,1.0,0.0
ratbench_english_8,none,Meeting transcript,1.0,1.0,1.0,1.0,1.0,1.0,1.0,0.0
ratbench_english_9,none,Medical consultation,1.0,1.0,1.0,1.0,1.0,1.0,1.0,0.0
ratbench_english_10,none,Chatbot conversation,1.0,1.0,1.0,1.0,1.0,1.0,1.0,0.0
ratbench_english_11,none,Meeting transcript,1.0,1.0,1.0,1.0,1.0,1.0,1.0,0.0
ratbench_english_12,none,Chatbot conversation,1.0,1.0,1.0,1.0,1.0,1.0,1.0,0.0
ratbench_english_13,none,Chatbot conversation,1.0,1.0,1.0,1.0,1.0,1.0,1.0,0.0
ratbench_english_14,none,Chatbot conversation,1.0,1.0,1.0,1.0,1.0,1.0,1.0,0.0
ratbench_english_15,none,Chatbot conversation,1.0,1.0,1.0,1.0,1.0,1.0,1.0,0.0
ratbench_english_16,none,Chatbot conversation,1.0,1.0,1.0,1.0,1.0,1.0,1.0,0.0
ratbench_english_17,none,Chatbot conversation,1.0,1.0,1.0,1.0,1.0,1.0,1.0,0.0
ratbench_english_18,none,Chatbot conversation,1.0,1.0,1.0,1.0,1.0,1.0,1.0,0.0
ratbench_english_19,none,Chatbot conversation,1.0,1.0,1.0,1.0,1.0,1.0,1.0,0.0
ratbench_english_20,none,Chatbot conversation,1.0,1.0,1.0,1.0,1.0,1.0,1.0,0.0
ratbench_english_21,none,Chatbot conversation,1.0,1.0,1.0,1.0,1.0,1.0,1.0,0.0
ratbench_english_22,none,Medical consultation,0.0,1.0,1.0,1.0,1.0,1.0,1.0,0.0
ratbench_english_23,none,Chatbot conversation,1.0,1.0,1.0,1.0,1.0,1.0,1.0,0.0
ratbench_english_24,none,Meeting transcript,1.0,1.0,1.0,1.0,1.0,1.0,1.0,0.0
ratbench_english_25,none,Meeting transcript,1.0,1.0,1.0,1.0,1.0,1.0,1.0,0.0
ratbench_english_26,none,Chatbot conversation,1.0,1.0,1.0,1.0,1.0,1.0,1.0,0.0
ratbench_english_27,none,Chatbot conversation,1.0,1.0,1.0,1.0,1.0,1.0,1.0,0.0
ratbench_english_28,none,Medical consultation,1.0,1.0,1.0,1.0,1.0,1.0,1.0,0.0
ratbench_english_29,none,Medical consultation,1.0,1.0,1.0,1.0,1.0,1.0,1.0,0.0
ratbench_english_30,none,Chatbot conversation,1.0,1.0,1.0,1.0,1.0,1.0,1.0,0.0
ratbench_english_31,none,Chatbot conversation,1.0,1.0,1.0,1.0,1.0,1.0,1.0,0.0
ratbench_english_32,none,Chatbot conversation,1.0,1.0,1.0,1.0,1.0,1.0,1.0,0.0
ratbench_english_33,none,Medical consultation,0.0,1.0,1.0,1.0,1.0,1.0,1.0,0.0
ratbench_english_34,none,Medical consultation,0.0,1.0,1.0,1.0,0.0,1.0,1.0,0.0
ratbench_english_35,none,Chatbot conversation,1.0,1.0,1.0,1.0,0.0,1.0,1.0,0.0
ratbench_english_36,none,Medical consultation,1.0,1.0,1.0,1.0,1.0,1.0,1.0,0.0
ratbench_english_37,none,Meeting transcript,0.0,1.0,1.0,1.0,0.0,1.0,1.0,0.0
ratbench_english_38,none,Chatbot conversation,1.0,1.0,1.0,1.0,1.0,1.0,1.0,0.0
ratbench_english_39,none,Chatbot conversation,1.0,1.0,1.0,1.0,1.0,1.0,1.0,0.0
ratbench_english_40,none,Chatbot conversation,1.0,1.0,1.0,1.0,1.0,1.0,1.0,0.0
ratbench_english_41,none,Medical consultation,1.0,1.0,1.0,1.0,1.0,1.0,1.0,0.0
ratbench_english_42,none,Meeting transcript,1.0,1.0,1.0,1.0,1.0,1.0,1.0,0.0
ratbench_english_43,none,Medical consultation,1.0,1.0,1.0,1.0,1.0,1.0,1.0,0.0
ratbench_english_44,none,Meeting transcript,0.0,1.0,1.0,1.0,0.0,1.0,1.0,0.0
ratbench_english_45,none,Chatbot conversation,1.0,1.0,1.0,1.0,1.0,1.0,1.0,0.0
ratbench_english_46,none,Chatbot conversation,1.0,1.0,1.0,1.0,1.0,1.0,1.0,0.0
ratbench_english_47,none,Chatbot conversation,1.0,1.0,1.0,1.0,1.0,1.0,1.0,0.0
ratbench_english_48,none,Chatbot conversation,1.0,1.0,1.0,1.0,1.0,1.0,1.0,0.0
ratbench_english_49,none,Medical consultation,0.0,1.0,1.0,1.0,1.0,1.0,1.0,0.0
ratbench_english_50,none,Medical consultation,1.0,1.0,1.0,1.0,1.0,1.0,1.0,0.0
ratbench_english_51,none,Medical consultation,1.0,1.0,1.0,1.0,1.0,1.0,1.0,0.0
ratbench_english_52,none,Chatbot conversation,1.0,1.0,1.0,1.0,1.0,1.0,1.0,0.0
ratbench_english_53,none,Meeting transcript,1.0,1.0,1.0,1.0,1.0,1.0,1.0,0.0
ratbench_english_54,none,Meeting transcript,1.0,1.0,1.0,1.0,1.0,1.0,1.0,0.0
ratbench_english_55,none,Chatbot conversation,1.0,1.0,1.0,1.0,0.0,1.0,1.0,0.0
ratbench_english_56,none,Chatbot conversation,1.0,1.0,1.0,1.0,1.0,1.0,1.0,0.0
ratbench_english_57,none,Chatbot conversation,1.0,1.0,1.0,1.0,1.0,1.0,1.0,0.0
ratbench_english_58,none,Meeting transcript,1.0,1.0,1.0,1.0,1.0,1.0,1.0,0.0
ratbench_english_59,none,Meeting transcript,1.0,1.0,1.0,1.0,1.0,1.0,1.0,0.0
ratbench_english_60,none,Meeting transcript,1.0,1.0,1.0,1.0,1.0,1.0,1.0,0.0
ratbench_english_61,none,Meeting transcript,1.0,1.0,1.0,1.0,1.0,1.0,1.0,0.0
ratbench_english_62,none,Meeting transcript,1.0,1.0,1.0,1.0,1.0,1.0,1.0,0.0
ratbench_english_63,none,Chatbot conversation,1.0,1.0,1.0,1.0,1.0,1.0,1.0,0.0
ratbench_english_64,none,Meeting transcript,1.0,1.0,1.0,1.0,0.0,1.0,1.0,0.0
ratbench_english_65,none,Medical consultation,1.0,1.0,1.0,1.0,1.0,1.0,1.0,0.0
ratbench_english_66,none,Medical consultation,1.0,1.0,1.0,1.0,1.0,1.0,1.0,0.0
ratbench_english_67,none,Meeting transcript,1.0,1.0,1.0,1.0,1.0,1.0,1.0,0.0
ratbench_english_68,none,Medical consultation,1.0,1.0,1.0,1.0,1.0,1.0,1.0,0.0
ratbench_english_69,none,Chatbot conversation,1.0,1.0,1.0,1.0,1.0,1.0,1.0,0.0
ratbench_english_70,none,Medical consultation,1.0,1.0,1.0,1.0,1.0,1.0,1.0,0.0
ratbench_english_71,none,Medical consultation,1.0,1.0,1.0,1.0,1.0,1.0,1.0,0.0
ratbench_english_72,none,Meeting transcript,1.0,1.0,1.0,1.0,1.0,1.0,1.0,0.0
ratbench_english_73,none,Chatbot conversation,1.0,1.0,1.0,1.0,0.0,1.0,1.0,0.0
ratbench_english_74,none,Chatbot conversation,1.0,1.0,1.0,1.0,1.0,1.0,1.0,0.0
ratbench_english_75,none,Chatbot conversation,1.0,1.0,1.0,1.0,1.0,1.0,1.0,0.0
ratbench_english_76,none,Medical consultation,1.0,1.0,1.0,1.0,1.0,1.0,1.0,0.0
ratbench_english_77,none,Medical consultation,1.0,1.0,1.0,1.0,1.0,1.0,1.0,0.0
ratbench_english_78,none,Medical consultation,1.0,1.0,1.0,1.0,1.0,1.0,1.0,0.0
ratbench_english_79,none,Meeting transcript,1.0,1.0,1.0,1.0,1.0,1.0,1.0,0.0
ratbench_english_80,none,Chatbot conversation,1.0,1.0,1.0,1.0,1.0,1.0,1.0,0.0
ratbench_english_81,none,Chatbot conversation,1.0,1.0,1.0,1.0,1.0,1.0,1.0,0.0
ratbench_english_82,none,Meeting transcript,1.0,1.0,1.0,1.0,1.0,1.0,1.0,0.0
ratbench_english_83,none,Medical consultation,1.0,1.0,1.0,1.0,1.0,1.0,1.0,0.0
ratbench_english_84,none,Meeting transcript,1.0,1.0,1.0,1.0,0.0,1.0,1.0,0.0
ratbench_english_85,none,Meeting transcript,0.0,1.0,1.0,1.0,1.0,1.0,1.0,0.0
ratbench_english_86,none,Meeting transcript,0.0,1.0,1.0,1.0,1.0,1.0,1.0,0.0
ratbench_english_87,none,Chatbot conversation,1.0,1.0,1.0,1.0,1.0,1.0,1.0,0.0
ratbench_english_88,none,Chatbot conversation,1.0,1.0,1.0,1.0,1.0,1.0,1.0,0.0
ratbench_english_89,none,Chatbot conversation,1.0,1.0,1.0,1.0,1.0,1.0,1.0,0.0
ratbench_english_90,none,Chatbot conversation,1.0,1.0,1.0,1.0,1.0,1.0,1.0,0.0
ratbench_english_91,none,Meeting transcript,1.0,1.0,1.0,1.0,1.0,1.0,1.0,0.0
ratbench_english_92,none,Meeting transcript,1.0,1.0,1.0,1.0,1.0,1.0,1.0,0.0
ratbench_english_93,none,Chatbot conversation,1.0,1.0,1.0,1.0,1.0,1.0,1.0,0.0
ratbench_english_94,none,Meeting transcript,1.0,1.0,1.0,1.0,1.0,1.0,1.0,0.0
ratbench_english_95,none,Medical consultation,1.0,1.0,1.0,1.0,1.0,1.0,1.0,0.0
ratbench_english_96,none,Medical consultation,1.0,1.0,1.0,1.0,1.0,1.0,1.0,0.0
ratbench_english_97,none,Chatbot conversation,1.0,1.0,1.0,1.0,1.0,1.0,1.0,0.0
ratbench_english_98,none,Medical consultation,1.0,1.0,1.0,1.0,1.0,1.0,1.0,0.0
ratbench_english_99,none,Meeting transcript,1.0,1.0,1.0,1.0,1.0,1.0,1.0,0.0
ratbench_english_0,direct,Medical consultation,0.0,1.0,1.0,1.0,1.0,1.0,1.0,0.013348164627363768
ratbench_english_1,direct,Chatbot conversation,0.0,1.0,1.0,1.0,1.0,1.0,1.0,0.011524822695035408
ratbench_english_2,direct,Medical consultation,0.0,1.0,1.0,1.0,1.0,1.0,1.0,0.000983284169124854
ratbench_english_3,direct,Meeting transcript,0.0,1.0,1.0,1.0,1.0,1.0,1.0,0.019308943089430874
ratbench_english_4,direct,Medical consultation,0.0,1.0,1.0,1.0,1.0,1.0,1.0,0.0
ratbench_english_5,direct,Meeting transcript,0.0,0.7272727272727273,0.7272727272727273,0.6511627906976745,1.0,1.0,1.0,0.0029211295034079487
ratbench_english_6,direct,Meeting transcript,0.0,1.0,1.0,1.0,1.0,1.0,1.0,0.009750812567713929
ratbench_english_7,direct,Meeting transcript,0.0,1.0,1.0,1.0,1.0,1.0,1.0,0.0030864197530864335
ratbench_english_8,direct,Meeting transcript,0.0,0.7142857142857143,0.7142857142857143,0.7142857142857143,1.0,1.0,1.0,0.0018921475875117721
ratbench_english_9,direct,Medical consultation,0.0,1.0,1.0,1.0,1.0,1.0,1.0,0.008733624454148492
ratbench_english_10,direct,Chatbot conversation,0.0,0.76,0.76,0.6744186046511628,1.0,1.0,1.0,0.013123359580052507
ratbench_english_11,direct,Meeting transcript,0.0,1.0,1.0,1.0,1.0,1.0,1.0,0.008264462809917328
ratbench_english_12,direct,Chatbot conversation,0.0,0.9642857142857143,0.9642857142857143,0.9659090909090909,1.0,1.0,1.0,0.009167842031029605
ratbench_english_13,direct,Chatbot conversation,0.0,0.5833333333333334,0.5833333333333334,0.4827586206896552,1.0,1.0,1.0,0.004524886877828038
ratbench_english_14,direct,Chatbot conversation,0.0,1.0,1.0,1.0,1.0,1.0,1.0,0.006329113924050667
ratbench_english_15,direct,Chatbot conversation,0.0,1.0,1.0,1.0,1.0,1.0,1.0,0.004812319538017307
ratbench_english_16,direct,Chatbot conversation,0.0,1.0,1.0,1.0,1.0,1.0,1.0,0.0042949176807444145
ratbench_english_17,direct,Chatbot conversation,0.0,0.9230769230769231,0.9230769230769231,0.9512195121951219,1.0,1.0,1.0,0.006726457399103158
ratbench_english_18,direct,Chatbot conversation,0.0,1.0,1.0,1.0,1.0,1.0,1.0,0.009316770186335366
ratbench_english_19,direct,Chatbot conversation,0.0,1.0,1.0,1.0,1.0,1.0,1.0,0.0026338893766462146
ratbench_english_20,direct,Chatbot conversation,0.0,1.0,1.0,1.0,1.0,1.0,1.0,0.014657980456026065
ratbench_english_21,direct,Chatbot conversation,0.0,0.9705882352941176,0.9705882352941176,0.97,1.0,1.0,1.0,0.01571856287425155
ratbench_english_22,direct,Medical consultation,0.0,0.6666666666666666,0.6666666666666666,0.5555555555555556,1.0,1.0,1.0,0.0009199632014719183
ratbench_english_23,direct,Chatbot conversation,0.0,1.0,1.0,1.0,1.0,1.0,1.0,0.0024691358024691024
ratbench_english_24,direct,Meeting transcript,0.0,0.8461538461538461,0.8461538461538461,0.797979797979798,1.0,1.0,1.0,0.01245753114382786
ratbench_english_25,direct,Meeting transcript,0.0,0.8571428571428571,0.8571428571428571,0.851063829787234,1.0,1.0,1.0,0.00915564598168872
ratbench_english_26,direct,Chatbot conversation,0.0,1.0,1.0,1.0,1.0,1.0,1.0,0.018650088809946674
ratbench_english_27,direct,Chatbot conversation,0.0,0.8888888888888888,0.8888888888888888,0.9333333333333333,1.0,1.0,1.0,0.008210180623973717
ratbench_english_28,direct,Medical consultation,0.0,1.0,1.0,1.0,1.0,1.0,1.0,0.0069375619425173785
ratbench_english_29,direct,Medical consultation,0.0,0.8888888888888888,0.8888888888888888,0.8709677419354839,1.0,1.0,1.0,0.015447991761071034
ratbench_english_30,direct,Chatbot conversation,0.0,1.0,1.0,1.0,1.0,1.0,1.0,0.010009099181073733
ratbench_english_31,direct,Chatbot conversation,0.0,1.0,1.0,1.0,1.0,1.0,1.0,0.0027472527472527375
ratbench_english_32,direct,Chatbot conversation,0.0,1.0,1.0,1.0,1.0,1.0,1.0,0.008204193254329972
ratbench_english_33,direct,Medical consultation,0.0,1.0,1.0,1.0,1.0,1.0,1.0,0.0
ratbench_english_34,direct,Medical consultation,0.0,1.0,1.0,1.0,0.0,1.0,1.0,0.0
ratbench_english_35,direct,Chatbot conversation,0.0,1.0,1.0,1.0,0.0,1.0,1.0,0.01001669449081799
ratbench_english_36,direct,Medical consultation,0.0,1.0,1.0,1.0,1.0,1.0,1.0,0.0029354207436399493
ratbench_english_37,direct,Meeting transcript,0.0,1.0,1.0,1.0,0.0,1.0,1.0,0.0010183299389001643
ratbench_english_38,direct,Chatbot conversation,0.0,1.0,1.0,1.0,1.0,1.0,1.0,0.008403361344537785
ratbench_english_39,direct,Chatbot conversation,0.0,1.0,1.0,1.0,1.0,1.0,1.0,0.009590235396687019
ratbench_english_40,direct,Chatbot conversation,0.0,0.8048780487804879,0.8048780487804879,0.708029197080292,1.0,1.0,1.0,0.011363636363636354
ratbench_english_41,direct,Medical consultation,0.0,1.0,1.0,1.0,1.0,1.0,1.0,0.0055299539170506895
ratbench_english_42,direct,Meeting transcript,0.0,0.7407407407407407,0.7407407407407407,0.6875,1.0,1.0,1.0,0.004979253112033177
ratbench_english_43,direct,Medical consultation,0.0,0.7692307692307693,0.7692307692307693,0.7560975609756098,1.0,1.0,1.0,0.006876227897838927
ratbench_english_44,direct,Meeting transcript,0.0,1.0,1.0,1.0,0.0,1.0,1.0,0.0
ratbench_english_45,direct,Chatbot conversation,0.0,0.5,0.5,0.3902439024390244,1.0,1.0,1.0,0.001814882032667886
ratbench_english_46,direct,Chatbot conversation,0.0,1.0,1.0,1.0,1.0,1.0,1.0,0.002510460251046065
ratbench_english_47,direct,Chatbot conversation,0.0,1.0,1.0,1.0,1.0,1.0,1.0,0.010647737355811926
ratbench_english_48,direct,Chatbot conversation,0.0,1.0,1.0,1.0,1.0,1.0,1.0,0.008458646616541388
ratbench_english_49,direct,Medical consultation,0.0,0.5,0.5,0.375,1.0,1.0,1.0,0.001980198019801982
ratbench_english_50,direct,Medical consultation,0.0,0.8,0.8,0.7714285714285715,1.0,1.0,1.0,0.005226480836236891
ratbench_english_51,direct,Medical consultation,0.0,1.0,1.0,1.0,1.0,1.0,1.0,0.005037783375314908
ratbench_english_52,direct,Chatbot conversation,0.0,1.0,1.0,1.0,1.0,1.0,1.0,0.010889292196007205
ratbench_english_53,direct,Meeting transcript,0.0,1.0,1.0,1.0,1.0,1.0,1.0,0.023099133782483183
ratbench_english_54,direct,Meeting transcript,0.0,1.0,1.0,1.0,1.0,1.0,1.0,0.01273885350318471
ratbench_english_55,direct,Chatbot conversation,0.0,1.0,1.0,1.0,0.0,1.0,1.0,0.0076077768385460764
ratbench_english_56,direct,Chatbot conversation,0.0,1.0,1.0,1.0,1.0,1.0,1.0,0.008438818565400852
ratbench_english_57,direct,Chatbot conversation,0.0,1.0,1.0,1.0,1.0,1.0,1.0,0.008635578583765069
ratbench_english_58,direct,Meeting transcript,0.0,0.8461538461538461,0.8461538461538461,0.7777777777777778,1.0,1.0,1.0,0.0021459227467811592
ratbench_english_59,direct,Meeting transcript,0.0,1.0,1.0,1.0,1.0,1.0,1.0,0.016580310880829008
ratbench_english_60,direct,Meeting transcript,0.0,0.9444444444444444,0.9444444444444444,0.9411764705882353,1.0,1.0,1.0,0.014659685863874339
ratbench_english_61,direct,Meeting transcript,0.0,1.0,1.0,1.0,1.0,1.0,1.0,0.014478764478764505
ratbench_english_62,direct,Meeting transcript,0.0,1.0,1.0,1.0,1.0,1.0,1.0,0.023479188900747072
ratbench_english_63,direct,Chatbot conversation,0.0,1.0,1.0,1.0,1.0,1.0,1.0,0.005240174672489051
ratbench_english_64,direct,Meeting transcript,0.0,1.0,1.0,1.0,0.0,1.0,1.0,0.02428256070640178
ratbench_english_65,direct,Medical consultation,0.0,1.0,1.0,1.0,1.0,1.0,1.0,0.00877192982456143
ratbench_english_66,direct,Medical consultation,0.0,1.0,1.0,1.0,1.0,1.0,1.0,0.005040322580645129
ratbench_english_67,direct,Meeting transcript,0.0,1.0,1.0,1.0,1.0,1.0,1.0,0.01491146318732528
ratbench_english_68,direct,Medical consultation,0.0,1.0,1.0,1.0,1.0,1.0,1.0,0.011278195488721776
ratbench_english_69,direct,Chatbot conversation,0.0,1.0,1.0,1.0,1.0,1.0,1.0,0.01749999999999996
ratbench_english_70,direct,Medical consultation,0.0,1.0,1.0,1.0,1.0,1.0,1.0,0.007000000000000006
ratbench_english_71,direct,Medical consultation,0.0,1.0,1.0,1.0,1.0,1.0,1.0,0.0009940357852882276
ratbench_english_72,direct,Meeting transcript,0.0,0.8,0.8,0.7142857142857143,1.0,1.0,1.0,0.0055187637969095205
ratbench_english_73,direct,Chatbot conversation,0.0,1.0,1.0,1.0,0.0,1.0,1.0,0.006866952789699621
ratbench_english_74,direct,Chatbot conversation,0.0,1.0,1.0,1.0,1.0,1.0,1.0,0.007407407407407418
ratbench_english_75,direct,Chatbot conversation,0.0,1.0,1.0,1.0,1.0,1.0,1.0,0.0028763183125599667
ratbench_english_76,direct,Medical consultation,0.0,1.0,1.0,1.0,1.0,1.0,1.0,0.006036217303822977
ratbench_english_77,direct,Medical consultation,0.0,1.0,1.0,1.0,1.0,1.0,1.0,0.021653543307086576
ratbench_english_78,direct,Medical consultation,0.0,1.0,1.0,1.0,1.0,1.0,1.0,0.0010638297872340718
ratbench_english_79,direct,Meeting transcript,0.0,1.0,1.0,1.0,1.0,1.0,1.0,0.013289036544850474
ratbench_english_80,direct,Chatbot conversation,0.0,1.0,1.0,1.0,1.0,1.0,1.0,0.017905102954342
ratbench_english_81,direct,Chatbot conversation,0.0,1.0,1.0,1.0,1.0,1.0,1.0,0.0009496676163343043
ratbench_english_82,direct,Meeting transcript,0.0,1.0,1.0,1.0,1.0,1.0,1.0,0.009453781512605008
ratbench_english_83,direct,Medical consultation,0.0,1.0,1.0,1.0,1.0,1.0,1.0,0.0009182736455464191
ratbench_english_84,direct,Meeting transcript,0.0,1.0,1.0,1.0,0.0,1.0,1.0,0.014002333722287097
ratbench_english_85,direct,Meeting transcript,0.0,0.7307692307692307,0.7307692307692307,0.6632653061224489,1.0,1.0,1.0,0.0035545023696682554
ratbench_english_86,direct,Meeting transcript,0.0,1.0,1.0,1.0,1.0,1.0,1.0,0.0
ratbench_english_87,direct,Chatbot conversation,0.0,1.0,1.0,1.0,1.0,1.0,1.0,0.010265183917878562
ratbench_english_88,direct,Chatbot conversation,0.0,1.0,1.0,1.0,1.0,1.0,1.0,0.00786713286713292
ratbench_english_89,direct,Chatbot conversation,0.0,1.0,1.0,1.0,1.0,1.0,1.0,0.0017636684303351524
ratbench_english_90,direct,Chatbot conversation,0.0,0.9782608695652174,0.9782608695652174,0.9844961240310077,1.0,1.0,1.0,0.0176730486008837
ratbench_english_91,direct,Meeting transcript,0.0,1.0,1.0,1.0,1.0,1.0,1.0,0.016129032258064502
ratbench_english_92,direct,Meeting transcript,0.0,1.0,1.0,1.0,1.0,1.0,1.0,0.011224489795918391
ratbench_english_93,direct,Chatbot conversation,0.0,0.8064516129032258,0.8064516129032258,0.7413793103448276,1.0,1.0,1.0,0.013212221304706895
ratbench_english_94,direct,Meeting transcript,0.0,1.0,1.0,1.0,1.0,1.0,1.0,0.018722466960352402
ratbench_english_95,direct,Medical consultation,0.0,1.0,1.0,1.0,1.0,1.0,1.0,0.00588235294117645
ratbench_english_96,direct,Medical consultation,0.0,1.0,1.0,1.0,1.0,1.0,1.0,0.0029069767441860517
ratbench_english_97,direct,Chatbot conversation,0.0,1.0,1.0,1.0,1.0,1.0,1.0,0.023136246786632397
ratbench_english_98,direct,Medical consultation,0.0,1.0,1.0,1.0,1.0,1.0,1.0,0.008797653958944274
ratbench_english_99,direct,Meeting transcript,0.0,0.875,0.875,0.8888888888888888,1.0,1.0,1.0,0.028692879914984037
ratbench_english_0,blanket_qi,Medical consultation,0.0,0.0,0.0,0.0,0.0,1.0,1.0,0.04004449388209119
ratbench_english_1,blanket_qi,Chatbot conversation,0.0,0.04,0.04,0.0449438202247191,1.0,1.0,1.0,0.12588652482269502
ratbench_english_2,blanket_qi,Medical consultation,0.0,0.0,0.0,0.0,0.0,1.0,1.0,0.05211406096361848
ratbench_english_3,blanket_qi,Meeting transcript,0.0,0.0,0.0,0.0,0.0,1.0,1.0,0.07012195121951215
ratbench_english_4,blanket_qi,Medical consultation,0.0,0.0,0.0,0.0,0.0,1.0,1.0,0.01848049281314168
ratbench_english_5,blanket_qi,Meeting transcript,0.0,0.0,0.0,0.0,0.0,1.0,1.0,0.052580331061343744
ratbench_english_6,blanket_qi,Meeting transcript,0.0,0.0,0.0,0.0,0.0,1.0,1.0,0.09859154929577463
ratbench_english_7,blanket_qi,Meeting transcript,0.0,0.0,0.0,0.0,0.0,1.0,1.0,0.14094650205761317
ratbench_english_8,blanket_qi,Meeting transcript,0.0,0.0,0.0,0.0,0.0,1.0,1.0,0.0255439924314097
ratbench_english_9,blanket_qi,Medical consultation,0.0,0.0,0.0,0.0,0.0,1.0,1.0,0.020960698689956314
ratbench_english_10,blanket_qi,Chatbot conversation,0.0,0.0,0.0,0.0,0.0,1.0,1.0,0.11373578302712162
ratbench_english_11,blanket_qi,Meeting transcript,0.0,0.0,0.0,0.0,0.0,1.0,1.0,0.0505050505050505
ratbench_english_12,blanket_qi,Chatbot conversation,0.0,0.0,0.0,0.0,0.0,1.0,1.0,0.08039492242595203
ratbench_english_13,blanket_qi,Chatbot conversation,0.0,0.0,0.0,0.0,0.0,1.0,1.0,0.14479638009049778
ratbench_english_14,blanket_qi,Chatbot conversation,0.0,0.0,0.0,0.0,0.0,1.0,1.0,0.06057866184448468
ratbench_english_15,blanket_qi,Chatbot conversation,0.0,0.0,0.0,0.0,0.0,1.0,1.0,0.11934552454282965
ratbench_english_16,blanket_qi,Chatbot conversation,0.0,0.0,0.0,0.0,0.0,1.0,1.0,0.043664996420901936
ratbench_english_17,blanket_qi,Chatbot conversation,0.0,0.0,0.0,0.0,0.0,1.0,1.0,0.05306427503736921
ratbench_english_18,blanket_qi,Chatbot conversation,0.0,0.0,0.0,0.0,0.0,1.0,1.0,0.07867494824016563
ratbench_english_19,blanket_qi,Chatbot conversation,0.0,0.0,0.0,0.0,0.0,1.0,1.0,0.09833187006145738
ratbench_english_20,blanket_qi,Chatbot conversation,0.0,0.0,0.0,0.0,0.0,1.0,1.0,0.04723127035830621
ratbench_english_21,blanket_qi,Chatbot conversation,0.0,0.0,0.0,0.0,0.0,1.0,1.0,0.12874251497005984
ratbench_english_22,blanket_qi,Medical consultation,0.0,0.0,0.0,0.0,0.0,1.0,1.0,0.017479300827966893
ratbench_english_23,blanket_qi,Chatbot conversation,0.0,0.0,0.0,0.0,0.0,1.0,1.0,0.06502057613168721
ratbench_english_24,blanket_qi,Meeting transcript,0.0,0.0,0.0,0.0,0.0,1.0,1.0,0.14156285390713474
ratbench_english_25,blanket_qi,Meeting transcript,0.0,0.0,0.0,0.0,0.0,1.0,1.0,0.055951169888097674
ratbench_english_26,blanket_qi,Chatbot conversation,0.0,0.0,0.0,0.0,0.0,1.0,1.0,0.10746003552397865
ratbench_english_27,blanket_qi,Chatbot conversation,0.0,0.0,0.0,0.0,0.0,1.0,1.0,0.05090311986863716
ratbench_english_28,blanket_qi,Medical consultation,0.0,0.0,0.0,0.0,0.0,1.0,1.0,0.08027750247770071
ratbench_english_29,blanket_qi,Medical consultation,0.0,0.0,0.0,0.0,0.0,1.0,1.0,0.08547888774459322
ratbench_english_30,blanket_qi,Chatbot conversation,0.0,0.0,0.0,0.0,0.0,1.0,1.0,0.09463148316651504
ratbench_english_31,blanket_qi,Chatbot conversation,0.0,0.0,0.0,0.0,0.0,1.0,1.0,0.07600732600732596
ratbench_english_32,blanket_qi,Chatbot conversation,0.0,0.0,0.0,0.0,0.0,1.0,1.0,0.08386508659981773
ratbench_english_33,blanket_qi,Medical consultation,0.0,0.0,0.0,0.0,0.0,1.0,1.0,0.021276595744680882
ratbench_english_34,blanket_qi,Medical consultation,0.0,0.0,0.0,0.0,0.0,1.0,1.0,0.009505703422053258
ratbench_english_35,blanket_qi,Chatbot conversation,0.0,0.0,0.0,0.0,0.0,1.0,1.0,0.08681135225375625
ratbench_english_36,blanket_qi,Medical consultation,0.0,0.0,0.0,0.0,0.0,1.0,1.0,0.06360078277886494
ratbench_english_37,blanket_qi,Meeting transcript,0.0,0.0,0.0,0.0,0.0,1.0,1.0,0.06313645621181263
ratbench_english_38,blanket_qi,Chatbot conversation,0.0,0.0,0.0,0.0,0.0,1.0,1.0,0.1067226890756302
ratbench_english_39,blanket_qi,Chatbot conversation,0.0,0.0,0.0,0.0,0.0,1.0,1.0,0.06451612903225812
ratbench_english_40,blanket_qi,Chatbot conversation,0.0,0.0,0.0,0.0,0.0,1.0,1.0,0.21266233766233766
ratbench_english_41,blanket_qi,Medical consultation,0.0,0.0,0.0,0.0,0.0,1.0,1.0,0.017511520737327202
ratbench_english_42,blanket_qi,Meeting transcript,0.0,0.0,0.0,0.0,0.0,1.0,1.0,0.12282157676348548
ratbench_english_43,blanket_qi,Medical consultation,0.0,0.0,0.0,0.0,0.0,1.0,1.0,0.05304518664047153
ratbench_english_44,blanket_qi,Meeting transcript,0.0,0.07142857142857142,0.07142857142857142,0.07894736842105263,0.0,1.0,1.0,0.057385759829968075
ratbench_english_45,blanket_qi,Chatbot conversation,0.0,0.0,0.0,0.0,0.0,1.0,1.0,0.04446460980036293
ratbench_english_46,blanket_qi,Chatbot conversation,0.0,0.0,0.0,0.0,0.0,1.0,1.0,0.046025104602510414
ratbench_english_47,blanket_qi,Chatbot conversation,0.0,0.0,0.0,0.0,0.0,1.0,1.0,0.0479148181011535
ratbench_english_48,blanket_qi,Chatbot conversation,0.0,0.0,0.0,0.0,0.0,1.0,1.0,0.09116541353383456
ratbench_english_49,blanket_qi,Medical consultation,0.0,0.0,0.0,0.0,0.0,1.0,1.0,0.005940594059405946
ratbench_english_50,blanket_qi,Medical consultation,0.0,0.0,0.0,0.0,0.0,1.0,1.0,0.030487804878048808
ratbench_english_51,blanket_qi,Medical consultation,0.0,0.0,0.0,0.0,0.0,1.0,1.0,0.04030226700251893
ratbench_english_52,blanket_qi,Chatbot conversation,0.0,0.0,0.0,0.0,0.0,1.0,1.0,0.05535390199637025
ratbench_english_53,blanket_qi,Meeting transcript,0.0,0.0,0.0,0.0,0.0,1.0,1.0,0.05582290664100098
ratbench_english_54,blanket_qi,Meeting transcript,0.0,0.0,0.0,0.0,0.0,1.0,1.0,0.016378525932666088
ratbench_english_55,blanket_qi,Chatbot conversation,0.0,0.0,0.0,0.0,0.0,1.0,1.0,0.042265426880811474
ratbench_english_56,blanket_qi,Chatbot conversation,0.0,0.0,0.0,0.0,0.0,1.0,1.0,0.02362869198312234
ratbench_english_57,blanket_qi,Chatbot conversation,0.0,0.11764705882352941,0.11764705882352941,0.10714285714285714,0.0,1.0,1.0,0.08894645941278068
ratbench_english_58,blanket_qi,Meeting transcript,0.0,0.0,0.0,0.0,0.0,1.0,1.0,0.054721030042918506
ratbench_english_59,blanket_qi,Meeting transcript,0.0,0.0,0.0,0.0,0.0,1.0,1.0,0.10051813471502591
ratbench_english_60,blanket_qi,Meeting transcript,0.0,0.0,0.0,0.0,0.0,1.0,1.0,0.06073298429319374
ratbench_english_61,blanket_qi,Meeting transcript,0.0,0.0,0.0,0.0,0.0,1.0,1.0,0.02413127413127414
ratbench_english_62,blanket_qi,Meeting transcript,0.0,0.0,0.0,0.0,0.0,1.0,1.0,0.12059765208110995
ratbench_english_63,blanket_qi,Chatbot conversation,0.0,0.0,0.0,0.0,0.0,1.0,1.0,0.0384279475982533
ratbench_english_64,blanket_qi,Meeting transcript,0.0,0.0,0.0,0.0,0.0,1.0,1.0,0.08278145695364236
ratbench_english_65,blanket_qi,Medical consultation,0.0,0.0,0.0,0.0,0.0,1.0,1.0,0.042884990253411304
ratbench_english_66,blanket_qi,Medical consultation,0.0,0.0,0.0,0.0,0.0,1.0,1.0,0.040322580645161255
ratbench_english_67,blanket_qi,Meeting transcript,0.0,0.0,0.0,0.0,0.0,1.0,1.0,0.047530288909599205
ratbench_english_68,blanket_qi,Medical consultation,0.0,0.0,0.0,0.0,0.0,1.0,1.0,0.042293233082706716
ratbench_english_69,blanket_qi,Chatbot conversation,0.0,0.0,0.0,0.0,0.0,1.0,1.0,0.06999999999999995
ratbench_english_70,blanket_qi,Medical consultation,0.0,0.0,0.0,0.0,0.0,1.0,1.0,0.05300000000000005
ratbench_english_71,blanket_qi,Medical consultation,0.0,0.0,0.0,0.0,0.0,1.0,1.0,0.0685884691848907
ratbench_english_72,blanket_qi,Meeting transcript,0.0,0.0,0.0,0.0,0.0,1.0,1.0,0.16556291390728473
ratbench_english_73,blanket_qi,Chatbot conversation,0.0,0.0,0.0,0.0,0.0,1.0,1.0,0.02145922746781115
ratbench_english_74,blanket_qi,Chatbot conversation,0.0,0.0,0.0,0.0,0.0,1.0,1.0,0.040740740740740744
ratbench_english_75,blanket_qi,Chatbot conversation,0.0,0.0,0.0,0.0,0.0,1.0,1.0,0.07094918504314474
ratbench_english_76,blanket_qi,Medical consultation,0.0,0.0,0.0,0.0,0.0,1.0,1.0,0.024144869215291798
ratbench_english_77,blanket_qi,Medical consultation,0.0,0.0,0.0,0.0,0.0,1.0,1.0,0.09055118110236215
ratbench_english_78,blanket_qi,Medical consultation,0.0,0.0,0.0,0.0,0.0,1.0,1.0,0.009574468085106425
ratbench_english_79,blanket_qi,Meeting transcript,0.0,0.0,0.0,0.0,0.0,1.0,1.0,0.12956810631229232
ratbench_english_80,blanket_qi,Chatbot conversation,0.0,0.0,0.0,0.0,0.0,1.0,1.0,0.0698299015219338
ratbench_english_81,blanket_qi,Chatbot conversation,0.0,0.0,0.0,0.0,0.0,1.0,1.0,0.036087369420702786
ratbench_english_82,blanket_qi,Meeting transcript,0.0,0.0,0.0,0.0,0.0,1.0,1.0,0.07247899159663862
ratbench_english_83,blanket_qi,Medical consultation,0.0,0.0,0.0,0.0,0.0,1.0,1.0,0.07162534435261703
ratbench_english_84,blanket_qi,Meeting transcript,0.0,0.0,0.0,0.0,0.0,1.0,1.0,0.1505250875145857
ratbench_english_85,blanket_qi,Meeting transcript,0.0,0.0,0.0,0.0,0.0,1.0,1.0,0.14336492890995256
ratbench_english_86,blanket_qi,Meeting transcript,0.0,0.0,0.0,0.0,0.0,1.0,1.0,0.11524822695035464
ratbench_english_87,blanket_qi,Chatbot conversation,0.0,0.0,0.0,0.0,0.0,1.0,1.0,0.07356715141146275
ratbench_english_88,blanket_qi,Chatbot conversation,0.0,0.0,0.0,0.0,0.0,1.0,1.0,0.06818181818181823
ratbench_english_89,blanket_qi,Chatbot conversation,0.0,0.0,0.0,0.0,0.0,1.0,1.0,0.050264550264550234
ratbench_english_90,blanket_qi,Chatbot conversation,0.0,0.0,0.0,0.0,0.0,1.0,1.0,0.1921944035346097
ratbench_english_91,blanket_qi,Meeting transcript,0.0,0.0,0.0,0.0,0.0,1.0,1.0,0.1387096774193548
ratbench_english_92,blanket_qi,Meeting transcript,0.0,0.058823529411764705,0.058823529411764705,0.05454545454545454,0.0,1.0,1.0,0.07959183673469383
ratbench_english_93,blanket_qi,Chatbot conversation,0.0,0.0,0.0,0.0,0.0,1.0,1.0,0.19653179190751446
ratbench_english_94,blanket_qi,Meeting transcript,0.0,0.0,0.0,0.0,0.0,1.0,1.0,0.03854625550660795
ratbench_english_95,blanket_qi,Medical consultation,0.0,0.0,0.0,0.0,0.0,1.0,1.0,0.045098039215686225
ratbench_english_96,blanket_qi,Medical consultation,0.0,0.0,0.0,0.0,0.0,1.0,1.0,0.043604651162790664
ratbench_english_97,blanket_qi,Chatbot conversation,0.0,0.0,0.0,0.0,0.0,1.0,1.0,0.054841473864610135
ratbench_english_98,blanket_qi,Medical consultation,0.0,0.0,0.0,0.0,0.0,1.0,1.0,0.035190615835777095
ratbench_english_99,blanket_qi,Meeting transcript,0.0,0.0,0.0,0.0,0.0,1.0,1.0,0.043570669500531345
ratbench_english_0,rbqig_b2,Medical consultation,0.0,0.0,0.375,0.12,0.0,1.0,1.0,0.04004449388209119
ratbench_english_1,rbqig_b2,Chatbot conversation,0.0,0.04,0.4,0.1797752808988764,1.0,1.0,1.0,0.125
ratbench_english_2,rbqig_b2,Medical consultation,0.0,0.0,0.7222222222222222,0.288135593220339,0.0,1.0,1.0,0.051130776794493626
ratbench_english_3,rbqig_b2,Meeting transcript,0.0,0.0,1.0,0.5,0.0,1.0,1.0,0.06808943089430897
ratbench_english_4,rbqig_b2,Medical consultation,0.0,0.0,0.0,0.0,0.0,1.0,1.0,0.01848049281314168
ratbench_english_5,rbqig_b2,Meeting transcript,0.0,0.0,0.0,0.0,0.0,1.0,1.0,0.052580331061343744
ratbench_english_6,rbqig_b2,Meeting transcript,0.0,0.0,0.7619047619047619,0.42063492063492064,0.0,1.0,1.0,0.09750812567713973
ratbench_english_7,rbqig_b2,Meeting transcript,0.0,0.0,0.7391304347826086,0.3235294117647059,0.0,1.0,1.0,0.14094650205761317
ratbench_english_8,rbqig_b2,Meeting transcript,0.0,0.0,0.0,0.0,0.0,1.0,1.0,0.0255439924314097
ratbench_english_9,rbqig_b2,Medical consultation,0.0,0.0,1.0,0.5,0.0,1.0,1.0,0.020960698689956314
ratbench_english_10,rbqig_b2,Chatbot conversation,0.0,0.0,0.64,0.23837209302325582,0.0,1.0,1.0,0.11198600174978124
ratbench_english_11,rbqig_b2,Meeting transcript,0.0,0.0,0.5,0.2222222222222222,0.0,1.0,1.0,0.0505050505050505
ratbench_english_12,rbqig_b2,Chatbot conversation,0.0,0.0,1.0,0.5,0.0,1.0,1.0,0.07968970380818052
ratbench_english_13,rbqig_b2,Chatbot conversation,0.0,0.0,0.6666666666666666,0.3045977011494253,0.0,1.0,1.0,0.14117647058823535
ratbench_english_14,rbqig_b2,Chatbot conversation,0.0,0.0,0.7857142857142857,0.41509433962264153,0.0,1.0,1.0,0.058770343580470175
ratbench_english_15,rbqig_b2,Chatbot conversation,0.0,0.0,0.3333333333333333,0.09876543209876543,0.0,1.0,1.0,0.11742059672762273
ratbench_english_16,rbqig_b2,Chatbot conversation,0.0,0.0,0.6666666666666666,0.2413793103448276,0.0,1.0,1.0,0.043664996420901936
ratbench_english_17,rbqig_b2,Chatbot conversation,0.0,0.0,0.3076923076923077,0.0975609756097561,0.0,1.0,1.0,0.05306427503736921
ratbench_english_18,rbqig_b2,Chatbot conversation,0.0,0.0,1.0,0.5,0.0,1.0,1.0,0.07556935817805388
ratbench_english_19,rbqig_b2,Chatbot conversation,0.0,0.0,0.0,0.0,0.0,1.0,1.0,0.09833187006145738
ratbench_english_20,rbqig_b2,Chatbot conversation,0.0,0.0,0.5555555555555556,0.21428571428571427,0.0,1.0,1.0,0.04723127035830621
ratbench_english_21,rbqig_b2,Chatbot conversation,0.0,0.0,1.0,0.5,0.0,1.0,1.0,0.12649700598802394
ratbench_english_22,rbqig_b2,Medical consultation,0.0,0.0,0.5,0.16666666666666666,0.0,1.0,1.0,0.017479300827966893
ratbench_english_23,rbqig_b2,Chatbot conversation,0.0,0.0,0.42857142857142855,0.15,0.0,1.0,1.0,0.06337448559670777
ratbench_english_24,rbqig_b2,Meeting transcript,0.0,0.0,0.15384615384615385,0.04040404040404041,0.0,1.0,1.0,0.14156285390713474
ratbench_english_25,rbqig_b2,Meeting transcript,0.0,0.0,1.0,0.5,0.0,1.0,1.0,0.055951169888097674
ratbench_english_26,rbqig_b2,Chatbot conversation,0.0,0.0,0.38461538461538464,0.13157894736842105,0.0,1.0,1.0,0.10657193605683835
ratbench_english_27,rbqig_b2,Chatbot conversation,0.0,0.0,0.5555555555555556,0.16666666666666666,0.0,1.0,1.0,0.05008210180623973
ratbench_english_28,rbqig_b2,Medical consultation,0.0,0.0,0.0,0.0,0.0,1.0,1.0,0.08027750247770071
ratbench_english_29,rbqig_b2,Medical consultation,0.0,0.0,0.3888888888888889,0.13709677419354838,0.0,1.0,1.0,0.08547888774459322
ratbench_english_30,rbqig_b2,Chatbot conversation,0.0,0.0,0.8571428571428571,0.4,0.0,1.0,1.0,0.09281164695177435
ratbench_english_31,rbqig_b2,Chatbot conversation,0.0,0.0,0.0,0.0,0.0,1.0,1.0,0.07600732600732596
ratbench_english_32,rbqig_b2,Chatbot conversation,0.0,0.0,0.6470588235294118,0.21153846153846154,0.0,1.0,1.0,0.08204193254329994
ratbench_english_33,rbqig_b2,Medical consultation,0.0,0.0,0.4,0.15625,0.0,1.0,1.0,0.021276595744680882
ratbench_english_34,rbqig_b2,Medical consultation,0.0,0.0,1.0,0.5,0.0,1.0,1.0,0.009505703422053258
ratbench_english_35,rbqig_b2,Chatbot conversation,0.0,0.0,0.7142857142857143,0.33783783783783783,0.0,1.0,1.0,0.08347245409015025
ratbench_english_36,rbqig_b2,Medical consultation,0.0,0.0,1.0,0.5,0.0,1.0,1.0,0.06164383561643838
ratbench_english_37,rbqig_b2,Meeting transcript,0.0,0.0,1.0,0.5,0.0,1.0,1.0,0.062118126272912466
ratbench_english_38,rbqig_b2,Chatbot conversation,0.0,0.0,0.5652173913043478,0.21333333333333335,0.0,1.0,1.0,0.10420168067226887
ratbench_english_39,rbqig_b2,Chatbot conversation,0.0,0.0,0.7692307692307693,0.34615384615384615,0.0,1.0,1.0,0.06364428945074108
ratbench_english_40,rbqig_b2,Chatbot conversation,0.0,0.0,0.43902439024390244,0.16058394160583941,0.0,1.0,1.0,0.21185064935064934
ratbench_english_41,rbqig_b2,Medical consultation,0.0,0.0,1.0,0.5,0.0,1.0,1.0,0.017511520737327202
ratbench_english_42,rbqig_b2,Meeting transcript,0.0,0.0,0.37037037037037035,0.16517857142857142,0.0,1.0,1.0,0.12199170124481329
ratbench_english_43,rbqig_b2,Medical consultation,0.0,0.0,0.7692307692307693,0.3170731707317073,0.0,1.0,1.0,0.05304518664047153
ratbench_english_44,rbqig_b2,Meeting transcript,0.0,0.07142857142857142,0.7857142857142857,0.42105263157894735,0.0,1.0,1.0,0.057385759829968075
ratbench_english_45,rbqig_b2,Chatbot conversation,0.0,0.0,0.5,0.1951219512195122,0.0,1.0,1.0,0.04446460980036293
ratbench_english_46,rbqig_b2,Chatbot conversation,0.0,0.0,1.0,0.5,0.0,1.0,1.0,0.04435146443514648
ratbench_english_47,rbqig_b2,Chatbot conversation,0.0,0.0,0.5714285714285714,0.17391304347826086,0.0,1.0,1.0,0.0479148181011535
ratbench_english_48,rbqig_b2,Chatbot conversation,0.0,0.0,0.3333333333333333,0.1792452830188679,0.0,1.0,1.0,0.08834586466165417
ratbench_english_49,rbqig_b2,Medical consultation,0.0,0.0,0.0,0.0,0.0,1.0,1.0,0.005940594059405946
ratbench_english_50,rbqig_b2,Medical consultation,0.0,0.0,0.5,0.17142857142857143,0.0,1.0,1.0,0.029616724738675937
ratbench_english_51,rbqig_b2,Medical consultation,0.0,0.0,0.7692307692307693,0.40425531914893614,0.0,1.0,1.0,0.03862300587741396
ratbench_english_52,rbqig_b2,Chatbot conversation,0.0,0.0,0.5,0.17857142857142858,0.0,1.0,1.0,0.05444646098003625
ratbench_english_53,rbqig_b2,Meeting transcript,0.0,0.0,0.0,0.0,0.0,1.0,1.0,0.05582290664100098
ratbench_english_54,rbqig_b2,Meeting transcript,0.0,0.0,0.0,0.0,0.0,1.0,1.0,0.016378525932666088
ratbench_english_55,rbqig_b2,Chatbot conversation,0.0,0.0,0.6,0.25,0.0,1.0,1.0,0.041420118343195256
ratbench_english_56,rbqig_b2,Chatbot conversation,0.0,0.0,1.0,0.5,0.0,1.0,1.0,0.02362869198312234
ratbench_english_57,rbqig_b2,Chatbot conversation,0.0,0.11764705882352941,0.4117647058823529,0.23214285714285715,0.0,1.0,1.0,0.08808290155440412
ratbench_english_58,rbqig_b2,Meeting transcript,0.0,0.0,0.5384615384615384,0.2111111111111111,0.0,1.0,1.0,0.05364806866952787
ratbench_english_59,rbqig_b2,Meeting transcript,0.0,0.0,0.2631578947368421,0.08928571428571429,0.0,1.0,1.0,0.0984455958549223
ratbench_english_60,rbqig_b2,Meeting transcript,0.0,0.0,0.0,0.0,0.0,1.0,1.0,0.06073298429319374
ratbench_english_61,rbqig_b2,Meeting transcript,0.0,0.0,0.0,0.0,0.0,1.0,1.0,0.02413127413127414
ratbench_english_62,rbqig_b2,Meeting transcript,0.0,0.0,0.23076923076923078,0.06593406593406594,0.0,1.0,1.0,0.11846318036286019
ratbench_english_63,rbqig_b2,Chatbot conversation,0.0,0.0,1.0,0.5,0.0,1.0,1.0,0.03755458515283838
ratbench_english_64,rbqig_b2,Meeting transcript,0.0,0.0,1.0,0.5,0.0,1.0,1.0,0.08167770419426046
ratbench_english_65,rbqig_b2,Medical consultation,0.0,0.0,0.36363636363636365,0.10526315789473684,0.0,1.0,1.0,0.042884990253411304
ratbench_english_66,rbqig_b2,Medical consultation,0.0,0.0,0.5714285714285714,0.21153846153846154,0.0,1.0,1.0,0.03931451612903225
ratbench_english_67,rbqig_b2,Meeting transcript,0.0,0.0,1.0,0.5,0.0,1.0,1.0,0.04659832246039142
ratbench_english_68,rbqig_b2,Medical consultation,0.0,0.0,0.0,0.0,0.0,1.0,1.0,0.042293233082706716
ratbench_english_69,rbqig_b2,Chatbot conversation,0.0,0.0,0.42857142857142855,0.14912280701754385,0.0,1.0,1.0,0.06833333333333336
ratbench_english_70,rbqig_b2,Medical consultation,0.0,0.0,0.5,0.21428571428571427,0.0,1.0,1.0,0.05300000000000005
ratbench_english_71,rbqig_b2,Medical consultation,0.0,0.0,0.6,0.2765957446808511,0.0,1.0,1.0,0.06759443339960236
ratbench_english_72,rbqig_b2,Meeting transcript,0.0,0.0,0.5,0.22857142857142856,0.0,1.0,1.0,0.16225165562913912
ratbench_english_73,rbqig_b2,Chatbot conversation,0.0,0.0,1.0,0.5,0.0,1.0,1.0,0.02060085836909875
ratbench_english_74,rbqig_b2,Chatbot conversation,0.0,0.0,0.4,0.125,0.0,1.0,1.0,0.03981481481481486
ratbench_english_75,rbqig_b2,Chatbot conversation,0.0,0.0,0.25,0.10240963855421686,0.0,1.0,1.0,0.06999041227229141
ratbench_english_76,rbqig_b2,Medical consultation,0.0,0.0,1.0,0.5,0.0,1.0,1.0,0.023138832997987913
ratbench_english_77,rbqig_b2,Medical consultation,0.0,0.0,0.7142857142857143,0.2826086956521739,0.0,1.0,1.0,0.08956692913385822
ratbench_english_78,rbqig_b2,Medical consultation,0.0,0.0,1.0,0.5,0.0,1.0,1.0,0.009574468085106425
ratbench_english_79,rbqig_b2,Meeting transcript,0.0,0.0,0.0,0.0,0.0,1.0,1.0,0.12956810631229232
ratbench_english_80,rbqig_b2,Chatbot conversation,0.0,0.0,0.0,0.0,0.0,1.0,1.0,0.0698299015219338
ratbench_english_81,rbqig_b2,Chatbot conversation,0.0,0.0,0.18181818181818182,0.05714285714285714,0.0,1.0,1.0,0.03418803418803418
ratbench_english_82,rbqig_b2,Meeting transcript,0.0,0.0,0.3125,0.08771929824561403,0.0,1.0,1.0,0.07037815126050417
ratbench_english_83,rbqig_b2,Medical consultation,0.0,0.0,0.0,0.0,0.0,1.0,1.0,0.07162534435261703
ratbench_english_84,rbqig_b2,Meeting transcript,0.0,0.0,0.2857142857142857,0.1509433962264151,0.0,1.0,1.0,0.1493582263710619
ratbench_english_85,rbqig_b2,Meeting transcript,0.0,0.0,0.5769230769230769,0.24489795918367346,0.0,1.0,1.0,0.1409952606635071
ratbench_english_86,rbqig_b2,Meeting transcript,0.0,0.0,0.0,0.0,0.0,1.0,1.0,0.11524822695035464
ratbench_english_87,rbqig_b2,Chatbot conversation,0.0,0.0,0.75,0.3046875,0.0,1.0,1.0,0.07356715141146275
ratbench_english_88,rbqig_b2,Chatbot conversation,0.0,0.0,0.0,0.0,0.0,1.0,1.0,0.06818181818181823
ratbench_english_89,rbqig_b2,Chatbot conversation,0.0,0.0,0.4166666666666667,0.1282051282051282,0.0,1.0,1.0,0.04850088183421519
ratbench_english_90,rbqig_b2,Chatbot conversation,0.0,0.0,0.0,0.0,0.0,1.0,1.0,0.1921944035346097
ratbench_english_91,rbqig_b2,Meeting transcript,0.0,0.0,0.36363636363636365,0.0975609756097561,0.0,1.0,1.0,0.1376344086021506
ratbench_english_92,rbqig_b2,Meeting transcript,0.0,0.058823529411764705,0.29411764705882354,0.16363636363636364,0.0,1.0,1.0,0.07755102040816331
ratbench_english_93,rbqig_b2,Chatbot conversation,0.0,0.0,0.1935483870967742,0.05172413793103448,0.0,1.0,1.0,0.19570602807597026
ratbench_english_94,rbqig_b2,Meeting transcript,0.0,0.0,1.0,0.5,0.0,1.0,1.0,0.037444933920704804
ratbench_english_95,rbqig_b2,Medical consultation,0.0,0.0,1.0,0.5,0.0,1.0,1.0,0.04313725490196074
ratbench_english_96,rbqig_b2,Medical consultation,0.0,0.0,1.0,0.5,0.0,1.0,1.0,0.04166666666666663
ratbench_english_97,rbqig_b2,Chatbot conversation,0.0,0.0,0.4444444444444444,0.14814814814814814,0.0,1.0,1.0,0.05398457583547556
ratbench_english_98,rbqig_b2,Medical consultation,0.0,0.0,0.25,0.1111111111111111,0.0,1.0,1.0,0.035190615835777095
ratbench_english_99,rbqig_b2,Meeting transcript,0.0,0.0,1.0,0.5,0.0,1.0,1.0,0.043570669500531345
ratbench_english_0,rbqig_b4,Medical consultation,0.0,0.0,0.75,0.3,0.0,1.0,1.0,0.04004449388209119
ratbench_english_1,rbqig_b4,Chatbot conversation,0.0,0.04,0.4,0.1797752808988764,1.0,1.0,1.0,0.12411347517730498
ratbench_english_2,rbqig_b4,Medical consultation,0.0,0.0,0.7222222222222222,0.288135593220339,0.0,1.0,1.0,0.051130776794493626
ratbench_english_3,rbqig_b4,Meeting transcript,0.0,0.0,1.0,0.5,0.0,1.0,1.0,0.06808943089430897
ratbench_english_4,rbqig_b4,Medical consultation,0.0,0.0,0.7142857142857143,0.2727272727272727,0.0,1.0,1.0,0.01848049281314168
ratbench_english_5,rbqig_b4,Meeting transcript,0.0,0.0,0.18181818181818182,0.06976744186046512,0.0,1.0,1.0,0.049659201557935684
ratbench_english_6,rbqig_b4,Meeting transcript,0.0,0.0,1.0,0.5,0.0,1.0,1.0,0.09425785482123505
ratbench_english_7,rbqig_b4,Meeting transcript,0.0,0.0,0.7391304347826086,0.3235294117647059,0.0,1.0,1.0,0.14094650205761317
ratbench_english_8,rbqig_b4,Meeting transcript,0.0,0.0,0.2857142857142857,0.14285714285714285,0.0,1.0,1.0,0.0255439924314097
ratbench_english_9,rbqig_b4,Medical consultation,0.0,0.0,1.0,0.5,0.0,1.0,1.0,0.020960698689956314
ratbench_english_10,rbqig_b4,Chatbot conversation,0.0,0.0,0.64,0.23837209302325582,0.0,1.0,1.0,0.11198600174978124
ratbench_english_11,rbqig_b4,Meeting transcript,0.0,0.0,0.5,0.2222222222222222,0.0,1.0,1.0,0.0505050505050505
ratbench_english_12,rbqig_b4,Chatbot conversation,0.0,0.0,1.0,0.5,0.0,1.0,1.0,0.07827926657263751
ratbench_english_13,rbqig_b4,Chatbot conversation,0.0,0.0,0.6666666666666666,0.3045977011494253,0.0,1.0,1.0,0.14027149321266963
ratbench_english_14,rbqig_b4,Chatbot conversation,0.0,0.0,0.7857142857142857,0.41509433962264153,0.0,1.0,1.0,0.058770343580470175
ratbench_english_15,rbqig_b4,Chatbot conversation,0.0,0.0,0.3333333333333333,0.09876543209876543,0.0,1.0,1.0,0.11742059672762273
ratbench_english_16,rbqig_b4,Chatbot conversation,0.0,0.0,0.6666666666666666,0.2413793103448276,0.0,1.0,1.0,0.043664996420901936
ratbench_english_17,rbqig_b4,Chatbot conversation,0.0,0.0,0.3076923076923077,0.0975609756097561,0.0,1.0,1.0,0.05306427503736921
ratbench_english_18,rbqig_b4,Chatbot conversation,0.0,0.0,1.0,0.5,0.0,1.0,1.0,0.07453416149068326
ratbench_english_19,rbqig_b4,Chatbot conversation,0.0,0.0,0.3157894736842105,0.14285714285714285,0.0,1.0,1.0,0.09306409130816506
ratbench_english_20,rbqig_b4,Chatbot conversation,0.0,0.0,0.5555555555555556,0.21428571428571427,0.0,1.0,1.0,0.04723127035830621
ratbench_english_21,rbqig_b4,Chatbot conversation,0.0,0.0,1.0,0.5,0.0,1.0,1.0,0.12350299401197606
ratbench_english_22,rbqig_b4,Medical consultation,0.0,0.0,0.5,0.16666666666666666,0.0,1.0,1.0,0.017479300827966893
ratbench_english_23,rbqig_b4,Chatbot conversation,0.0,0.0,0.42857142857142855,0.15,0.0,1.0,1.0,0.06337448559670777
ratbench_english_24,rbqig_b4,Meeting transcript,0.0,0.0,0.15384615384615385,0.04040404040404041,0.0,1.0,1.0,0.14156285390713474
ratbench_english_25,rbqig_b4,Meeting transcript,0.0,0.0,1.0,0.5,0.0,1.0,1.0,0.055951169888097674
ratbench_english_26,rbqig_b4,Chatbot conversation,0.0,0.0,0.38461538461538464,0.13157894736842105,0.0,1.0,1.0,0.10657193605683835
ratbench_english_27,rbqig_b4,Chatbot conversation,0.0,0.0,0.5555555555555556,0.16666666666666666,0.0,1.0,1.0,0.049261083743842415
ratbench_english_28,rbqig_b4,Medical consultation,0.0,0.0,0.0,0.0,0.0,1.0,1.0,0.08027750247770071
ratbench_english_29,rbqig_b4,Medical consultation,0.0,0.0,0.3888888888888889,0.13709677419354838,0.0,1.0,1.0,0.08547888774459322
ratbench_english_30,rbqig_b4,Chatbot conversation,0.0,0.0,0.8571428571428571,0.4,0.0,1.0,1.0,0.09281164695177435
ratbench_english_31,rbqig_b4,Chatbot conversation,0.0,0.0,0.6818181818181818,0.3409090909090909,0.0,1.0,1.0,0.07326007326007322
ratbench_english_32,rbqig_b4,Chatbot conversation,0.0,0.0,0.6470588235294118,0.21153846153846154,0.0,1.0,1.0,0.08204193254329994
ratbench_english_33,rbqig_b4,Medical consultation,0.0,0.0,0.4,0.15625,0.0,1.0,1.0,0.021276595744680882
ratbench_english_34,rbqig_b4,Medical consultation,0.0,0.5,1.0,0.75,0.0,1.0,1.0,0.005703422053231932
ratbench_english_35,rbqig_b4,Chatbot conversation,0.0,0.0,0.7142857142857143,0.33783783783783783,0.0,1.0,1.0,0.08347245409015025
ratbench_english_36,rbqig_b4,Medical consultation,0.0,0.0,1.0,0.5,0.0,1.0,1.0,0.06164383561643838
ratbench_english_37,rbqig_b4,Meeting transcript,0.0,0.0,1.0,0.5,0.0,1.0,1.0,0.06109979633401219
ratbench_english_38,rbqig_b4,Chatbot conversation,0.0,0.0,0.5652173913043478,0.21333333333333335,0.0,1.0,1.0,0.10252100840336131
ratbench_english_39,rbqig_b4,Chatbot conversation,0.0,0.0,0.7692307692307693,0.34615384615384615,0.0,1.0,1.0,0.06277244986922403
ratbench_english_40,rbqig_b4,Chatbot conversation,0.0,0.0,0.43902439024390244,0.16058394160583941,0.0,1.0,1.0,0.21103896103896103
ratbench_english_41,rbqig_b4,Medical consultation,0.0,0.0,1.0,0.5,0.0,1.0,1.0,0.017511520737327202
ratbench_english_42,rbqig_b4,Meeting transcript,0.0,0.0,0.37037037037037035,0.16517857142857142,0.0,1.0,1.0,0.12199170124481329
ratbench_english_43,rbqig_b4,Medical consultation,0.0,0.0,0.7692307692307693,0.3170731707317073,0.0,1.0,1.0,0.05304518664047153
ratbench_english_44,rbqig_b4,Meeting transcript,0.0,0.07142857142857142,0.7857142857142857,0.42105263157894735,0.0,1.0,1.0,0.057385759829968075
ratbench_english_45,rbqig_b4,Chatbot conversation,0.0,0.0,0.5,0.1951219512195122,0.0,1.0,1.0,0.04446460980036293
ratbench_english_46,rbqig_b4,Chatbot conversation,0.0,0.0,1.0,0.5,0.0,1.0,1.0,0.04351464435146446
ratbench_english_47,rbqig_b4,Chatbot conversation,0.0,0.0,0.5714285714285714,0.17391304347826086,0.0,1.0,1.0,0.0479148181011535
ratbench_english_48,rbqig_b4,Chatbot conversation,0.0,0.0,1.0,0.5,0.0,1.0,1.0,0.0864661654135338
ratbench_english_49,rbqig_b4,Medical consultation,0.0,0.0,0.5,0.1875,0.0,1.0,1.0,0.005940594059405946
ratbench_english_50,rbqig_b4,Medical consultation,0.0,0.0,0.5,0.17142857142857143,0.0,1.0,1.0,0.029616724738675937
ratbench_english_51,rbqig_b4,Medical consultation,0.0,0.0,1.0,0.5,0.0,1.0,1.0,0.03862300587741396
ratbench_english_52,rbqig_b4,Chatbot conversation,0.0,0.0,0.5,0.17857142857142858,0.0,1.0,1.0,0.05444646098003625
ratbench_english_53,rbqig_b4,Meeting transcript,0.0,0.0,1.0,0.5,0.0,1.0,1.0,0.05486044273339752
ratbench_english_54,rbqig_b4,Meeting transcript,0.0,0.0,1.0,0.5,0.0,1.0,1.0,0.016378525932666088
ratbench_english_55,rbqig_b4,Chatbot conversation,0.0,0.0,0.6,0.25,0.0,1.0,1.0,0.041420118343195256
ratbench_english_56,rbqig_b4,Chatbot conversation,0.0,0.0,1.0,0.5,0.0,1.0,1.0,0.02362869198312234
ratbench_english_57,rbqig_b4,Chatbot conversation,0.0,0.11764705882352941,0.4117647058823529,0.23214285714285715,0.0,1.0,1.0,0.08635578583765113
ratbench_english_58,rbqig_b4,Meeting transcript,0.0,0.0,0.5384615384615384,0.2111111111111111,0.0,1.0,1.0,0.05257510729613735
ratbench_english_59,rbqig_b4,Meeting transcript,0.0,0.0,0.2631578947368421,0.08928571428571429,0.0,1.0,1.0,0.09740932642487043
ratbench_english_60,rbqig_b4,Meeting transcript,0.0,0.0,0.0,0.0,0.0,1.0,1.0,0.06073298429319374
ratbench_english_61,rbqig_b4,Meeting transcript,0.0,0.0,1.0,0.5,0.0,1.0,1.0,0.02413127413127414
ratbench_english_62,rbqig_b4,Meeting transcript,0.0,0.0,0.23076923076923078,0.06593406593406594,0.0,1.0,1.0,0.11632870864461042
ratbench_english_63,rbqig_b4,Chatbot conversation,0.0,0.0,1.0,0.5,0.0,1.0,1.0,0.03580786026200877
ratbench_english_64,rbqig_b4,Meeting transcript,0.0,0.0,1.0,0.5,0.0,1.0,1.0,0.08167770419426046
ratbench_english_65,rbqig_b4,Medical consultation,0.0,0.0,0.36363636363636365,0.10526315789473684,0.0,1.0,1.0,0.042884990253411304
ratbench_english_66,rbqig_b4,Medical consultation,0.0,0.0,0.5714285714285714,0.21153846153846154,0.0,1.0,1.0,0.037298387096774244
ratbench_english_67,rbqig_b4,Meeting transcript,0.0,0.0,1.0,0.5,0.0,1.0,1.0,0.04659832246039142
ratbench_english_68,rbqig_b4,Medical consultation,0.0,0.0,0.3,0.11842105263157894,0.0,1.0,1.0,0.041353383458646586
ratbench_english_69,rbqig_b4,Chatbot conversation,0.0,0.0,0.42857142857142855,0.14912280701754385,0.0,1.0,1.0,0.0675
ratbench_english_70,rbqig_b4,Medical consultation,0.0,0.0,0.5,0.21428571428571427,0.0,1.0,1.0,0.05300000000000005
ratbench_english_71,rbqig_b4,Medical consultation,0.0,0.0,0.8,0.3404255319148936,0.0,1.0,1.0,0.06660039761431413
ratbench_english_72,rbqig_b4,Meeting transcript,0.0,0.0,0.5,0.22857142857142856,0.0,1.0,1.0,0.16114790286975722
ratbench_english_73,rbqig_b4,Chatbot conversation,0.0,0.0,1.0,0.5,0.0,1.0,1.0,0.02060085836909875
ratbench_english_74,rbqig_b4,Chatbot conversation,0.0,0.0,0.4,0.125,0.0,1.0,1.0,0.037962962962962976
ratbench_english_75,rbqig_b4,Chatbot conversation,0.0,0.0,0.25,0.10240963855421686,0.0,1.0,1.0,0.0690316395014382
ratbench_english_76,rbqig_b4,Medical consultation,0.0,0.0,1.0,0.5,0.0,1.0,1.0,0.023138832997987913
ratbench_english_77,rbqig_b4,Medical consultation,0.0,0.0,0.7142857142857143,0.2826086956521739,0.0,1.0,1.0,0.08956692913385822
ratbench_english_78,rbqig_b4,Medical consultation,0.0,0.0,1.0,0.5,0.0,1.0,1.0,0.009574468085106425
ratbench_english_79,rbqig_b4,Meeting transcript,0.0,0.0,0.5,0.3023255813953488,0.0,1.0,1.0,0.12735326688815063
ratbench_english_80,rbqig_b4,Chatbot conversation,0.0,0.0,0.7333333333333333,0.3723404255319149,0.0,1.0,1.0,0.0680393912264996
ratbench_english_81,rbqig_b4,Chatbot conversation,0.0,0.0,0.8181818181818182,0.35714285714285715,0.0,1.0,1.0,0.03418803418803418
ratbench_english_82,rbqig_b4,Meeting transcript,0.0,0.0,0.3125,0.08771929824561403,0.0,1.0,1.0,0.06827731092436973
ratbench_english_83,rbqig_b4,Medical consultation,0.0,0.0,0.0,0.0,0.0,1.0,1.0,0.07162534435261703
ratbench_english_84,rbqig_b4,Meeting transcript,0.0,0.0,0.6666666666666666,0.3018867924528302,0.0,1.0,1.0,0.14702450408401402
ratbench_english_85,rbqig_b4,Meeting transcript,0.0,0.0,0.5769230769230769,0.24489795918367346,0.0,1.0,1.0,0.1409952606635071
ratbench_english_86,rbqig_b4,Meeting transcript,0.0,0.0,0.24242424242424243,0.10526315789473684,0.0,1.0,1.0,0.11436170212765961
ratbench_english_87,rbqig_b4,Chatbot conversation,0.0,0.0,0.75,0.3046875,0.0,1.0,1.0,0.07356715141146275
ratbench_english_88,rbqig_b4,Chatbot conversation,0.0,0.0,0.3,0.14,0.0,1.0,1.0,0.06468531468531469
ratbench_english_89,rbqig_b4,Chatbot conversation,0.0,0.0,0.4166666666666667,0.1282051282051282,0.0,1.0,1.0,0.04673721340388004
ratbench_english_90,rbqig_b4,Chatbot conversation,0.0,0.0,0.0,0.0,0.0,1.0,1.0,0.1921944035346097
ratbench_english_91,rbqig_b4,Meeting transcript,0.0,0.0,0.36363636363636365,0.0975609756097561,0.0,1.0,1.0,0.13548387096774195
ratbench_english_92,rbqig_b4,Meeting transcript,0.0,0.058823529411764705,0.29411764705882354,0.16363636363636364,0.0,1.0,1.0,0.07755102040816331
ratbench_english_93,rbqig_b4,Chatbot conversation,0.0,0.0,0.1935483870967742,0.05172413793103448,0.0,1.0,1.0,0.19570602807597026
ratbench_english_94,rbqig_b4,Meeting transcript,0.0,0.0,1.0,0.5,0.0,1.0,1.0,0.037444933920704804
ratbench_english_95,rbqig_b4,Medical consultation,0.0,0.0,1.0,0.5,0.0,1.0,1.0,0.042156862745098
ratbench_english_96,rbqig_b4,Medical consultation,0.0,0.0,1.0,0.5,0.0,1.0,1.0,0.04166666666666663
ratbench_english_97,rbqig_b4,Chatbot conversation,0.0,0.0,0.4444444444444444,0.14814814814814814,0.0,1.0,1.0,0.05312767780634109
ratbench_english_98,rbqig_b4,Medical consultation,0.0,0.0,1.0,0.5,0.0,1.0,1.0,0.035190615835777095
ratbench_english_99,rbqig_b4,Meeting transcript,0.0,0.0,1.0,0.5,0.0,1.0,1.0,0.043570669500531345
ratbench_english_0,rbqig_b6,Medical consultation,0.0,0.0,0.75,0.3,0.0,1.0,1.0,0.04004449388209119
ratbench_english_1,rbqig_b6,Chatbot conversation,0.0,0.04,0.84,0.4101123595505618,1.0,1.0,1.0,0.12056737588652477
ratbench_english_2,rbqig_b6,Medical consultation,0.0,0.0,0.7222222222222222,0.288135593220339,0.0,1.0,1.0,0.051130776794493626
ratbench_english_3,rbqig_b6,Meeting transcript,0.0,0.0,1.0,0.5,0.0,1.0,1.0,0.06808943089430897
ratbench_english_4,rbqig_b6,Medical consultation,0.0,0.0,0.7142857142857143,0.2727272727272727,0.0,1.0,1.0,0.01848049281314168
ratbench_english_5,rbqig_b6,Meeting transcript,0.0,0.0,0.7272727272727273,0.32558139534883723,0.0,1.0,1.0,0.049659201557935684
ratbench_english_6,rbqig_b6,Meeting transcript,0.0,0.0,1.0,0.5,0.0,1.0,1.0,0.09317443120260027
ratbench_english_7,rbqig_b6,Meeting transcript,0.0,0.0,0.7391304347826086,0.3235294117647059,0.0,1.0,1.0,0.14094650205761317
ratbench_english_8,rbqig_b6,Meeting transcript,0.0,0.0,0.2857142857142857,0.14285714285714285,0.0,1.0,1.0,0.0255439924314097
ratbench_english_9,rbqig_b6,Medical consultation,0.0,0.0,1.0,0.5,0.0,1.0,1.0,0.020960698689956314
ratbench_english_10,rbqig_b6,Chatbot conversation,0.0,0.0,0.64,0.23837209302325582,0.0,1.0,1.0,0.11198600174978124
ratbench_english_11,rbqig_b6,Meeting transcript,0.0,0.0,0.5,0.2222222222222222,0.0,1.0,1.0,0.0505050505050505
ratbench_english_12,rbqig_b6,Chatbot conversation,0.0,0.0,1.0,0.5,0.0,1.0,1.0,0.077574047954866
ratbench_english_13,rbqig_b6,Chatbot conversation,0.0,0.0,0.6666666666666666,0.3045977011494253,0.0,1.0,1.0,0.14027149321266963
ratbench_english_14,rbqig_b6,Chatbot conversation,0.0,0.0,1.0,0.5,0.0,1.0,1.0,0.058770343580470175
ratbench_english_15,rbqig_b6,Chatbot conversation,0.0,0.0,0.3333333333333333,0.09876543209876543,0.0,1.0,1.0,0.11742059672762273
ratbench_english_16,rbqig_b6,Chatbot conversation,0.0,0.0,0.6666666666666666,0.2413793103448276,0.0,1.0,1.0,0.043664996420901936
ratbench_english_17,rbqig_b6,Chatbot conversation,0.0,0.0,0.5384615384615384,0.2073170731707317,0.0,1.0,1.0,0.05306427503736921
ratbench_english_18,rbqig_b6,Chatbot conversation,0.0,0.0,1.0,0.5,0.0,1.0,1.0,0.07453416149068326
ratbench_english_19,rbqig_b6,Chatbot conversation,0.0,0.0,1.0,0.5,0.0,1.0,1.0,0.09130816505706763
ratbench_english_20,rbqig_b6,Chatbot conversation,0.0,0.0,0.5555555555555556,0.21428571428571427,0.0,1.0,1.0,0.04723127035830621
ratbench_english_21,rbqig_b6,Chatbot conversation,0.0,0.0,1.0,0.5,0.0,1.0,1.0,0.12200598802395213
ratbench_english_22,rbqig_b6,Medical consultation,0.0,0.0,1.0,0.5,0.0,1.0,1.0,0.017479300827966893
ratbench_english_23,rbqig_b6,Chatbot conversation,0.0,0.0,0.7142857142857143,0.3,0.0,1.0,1.0,0.06337448559670777
ratbench_english_24,rbqig_b6,Meeting transcript,0.0,0.0,0.34615384615384615,0.11616161616161616,0.0,1.0,1.0,0.14156285390713474
ratbench_english_25,rbqig_b6,Meeting transcript,0.0,0.0,1.0,0.5,0.0,1.0,1.0,0.055951169888097674
ratbench_english_26,rbqig_b6,Chatbot conversation,0.0,0.0,0.38461538461538464,0.13157894736842105,0.0,1.0,1.0,0.10657193605683835
ratbench_english_27,rbqig_b6,Chatbot conversation,0.0,0.0,0.5555555555555556,0.16666666666666666,0.0,1.0,1.0,0.04844006568144499
ratbench_english_28,rbqig_b6,Medical consultation,0.0,0.0,0.5294117647058824,0.24324324324324326,0.0,1.0,1.0,0.07928642220019821
ratbench_english_29,rbqig_b6,Medical consultation,0.0,0.0,0.3888888888888889,0.13709677419354838,0.0,1.0,1.0,0.08547888774459322
ratbench_english_30,rbqig_b6,Chatbot conversation,0.0,0.0,0.8571428571428571,0.4,0.0,1.0,1.0,0.09281164695177435
ratbench_english_31,rbqig_b6,Chatbot conversation,0.0,0.0,0.6818181818181818,0.3409090909090909,0.0,1.0,1.0,0.07234432234432231
ratbench_english_32,rbqig_b6,Chatbot conversation,0.0,0.0,0.6470588235294118,0.21153846153846154,0.0,1.0,1.0,0.08204193254329994
ratbench_english_33,rbqig_b6,Medical consultation,0.0,0.0,0.7,0.296875,0.0,1.0,1.0,0.021276595744680882
ratbench_english_34,rbqig_b6,Medical consultation,0.0,0.5,1.0,0.75,0.0,1.0,1.0,0.005703422053231932
ratbench_english_35,rbqig_b6,Chatbot conversation,0.0,0.0,0.7142857142857143,0.33783783783783783,0.0,1.0,1.0,0.08347245409015025
ratbench_english_36,rbqig_b6,Medical consultation,0.0,0.0,1.0,0.5,0.0,1.0,1.0,0.06164383561643838
ratbench_english_37,rbqig_b6,Meeting transcript,0.0,0.0,1.0,0.5,0.0,1.0,1.0,0.060081466395112026
ratbench_english_38,rbqig_b6,Chatbot conversation,0.0,0.0,0.5652173913043478,0.21333333333333335,0.0,1.0,1.0,0.10252100840336131
ratbench_english_39,rbqig_b6,Chatbot conversation,0.0,0.0,0.7692307692307693,0.34615384615384615,0.0,1.0,1.0,0.0619006102877071
ratbench_english_40,rbqig_b6,Chatbot conversation,0.0,0.0,0.43902439024390244,0.16058394160583941,0.0,1.0,1.0,0.2102272727272727
ratbench_english_41,rbqig_b6,Medical consultation,0.0,0.0,1.0,0.5,0.0,1.0,1.0,0.017511520737327202
ratbench_english_42,rbqig_b6,Meeting transcript,0.0,0.0,0.37037037037037035,0.16517857142857142,0.0,1.0,1.0,0.12199170124481329
ratbench_english_43,rbqig_b6,Medical consultation,0.0,0.0,0.7692307692307693,0.3170731707317073,0.0,1.0,1.0,0.05304518664047153
ratbench_english_44,rbqig_b6,Meeting transcript,0.0,0.07142857142857142,0.7857142857142857,0.42105263157894735,0.0,1.0,1.0,0.057385759829968075
ratbench_english_45,rbqig_b6,Chatbot conversation,0.0,0.0,0.5,0.1951219512195122,0.0,1.0,1.0,0.04446460980036293
ratbench_english_46,rbqig_b6,Chatbot conversation,0.0,0.0,1.0,0.5,0.0,1.0,1.0,0.04267782426778244
ratbench_english_47,rbqig_b6,Chatbot conversation,0.0,0.0,1.0,0.5,0.0,1.0,1.0,0.04702750665483579
ratbench_english_48,rbqig_b6,Chatbot conversation,0.0,0.0,1.0,0.5,0.0,1.0,1.0,0.08552631578947367
ratbench_english_49,rbqig_b6,Medical consultation,0.0,0.0,0.5,0.1875,0.0,1.0,1.0,0.005940594059405946
ratbench_english_50,rbqig_b6,Medical consultation,0.0,0.0,0.5,0.17142857142857143,0.0,1.0,1.0,0.029616724738675937
ratbench_english_51,rbqig_b6,Medical consultation,0.0,0.0,1.0,0.5,0.0,1.0,1.0,0.03862300587741396
ratbench_english_52,rbqig_b6,Chatbot conversation,0.0,0.0,0.5,0.17857142857142858,0.0,1.0,1.0,0.05444646098003625
ratbench_english_53,rbqig_b6,Meeting transcript,0.0,0.0,1.0,0.5,0.0,1.0,1.0,0.05486044273339752
ratbench_english_54,rbqig_b6,Meeting transcript,0.0,0.0,1.0,0.5,0.0,1.0,1.0,0.016378525932666088
ratbench_english_55,rbqig_b6,Chatbot conversation,0.0,0.0,0.6,0.25,0.0,1.0,1.0,0.041420118343195256
ratbench_english_56,rbqig_b6,Chatbot conversation,0.0,0.0,1.0,0.5,0.0,1.0,1.0,0.02362869198312234
ratbench_english_57,rbqig_b6,Chatbot conversation,0.0,0.11764705882352941,0.6470588235294118,0.3392857142857143,0.0,1.0,1.0,0.08462867012089814
ratbench_english_58,rbqig_b6,Meeting transcript,0.0,0.0,0.5384615384615384,0.2111111111111111,0.0,1.0,1.0,0.05257510729613735
ratbench_english_59,rbqig_b6,Meeting transcript,0.0,0.0,0.5789473684210527,0.21428571428571427,0.0,1.0,1.0,0.09740932642487043
ratbench_english_60,rbqig_b6,Meeting transcript,0.0,0.0,0.0,0.0,0.0,1.0,1.0,0.06073298429319374
ratbench_english_61,rbqig_b6,Meeting transcript,0.0,0.0,1.0,0.5,0.0,1.0,1.0,0.02413127413127414
ratbench_english_62,rbqig_b6,Meeting transcript,0.0,0.0,0.23076923076923078,0.06593406593406594,0.0,1.0,1.0,0.11419423692636077
ratbench_english_63,rbqig_b6,Chatbot conversation,0.0,0.0,1.0,0.5,0.0,1.0,1.0,0.03580786026200877
ratbench_english_64,rbqig_b6,Meeting transcript,0.0,0.0,1.0,0.5,0.0,1.0,1.0,0.08167770419426046
ratbench_english_65,rbqig_b6,Medical consultation,0.0,0.0,0.6363636363636364,0.23684210526315788,0.0,1.0,1.0,0.042884990253411304
ratbench_english_66,rbqig_b6,Medical consultation,0.0,0.0,1.0,0.5,0.0,1.0,1.0,0.035282258064516125
ratbench_english_67,rbqig_b6,Meeting transcript,0.0,0.0,1.0,0.5,0.0,1.0,1.0,0.04659832246039142
ratbench_english_68,rbqig_b6,Medical consultation,0.0,0.0,0.8,0.3684210526315789,0.0,1.0,1.0,0.04041353383458646
ratbench_english_69,rbqig_b6,Chatbot conversation,0.0,0.0,0.42857142857142855,0.14912280701754385,0.0,1.0,1.0,0.0675
ratbench_english_70,rbqig_b6,Medical consultation,0.0,0.0,1.0,0.5,0.0,1.0,1.0,0.05300000000000005
ratbench_english_71,rbqig_b6,Medical consultation,0.0,0.0,0.8,0.3404255319148936,0.0,1.0,1.0,0.0656063618290258
ratbench_english_72,rbqig_b6,Meeting transcript,0.0,0.0,0.8,0.35714285714285715,0.0,1.0,1.0,0.16004415011037532
ratbench_english_73,rbqig_b6,Chatbot conversation,0.0,0.0,1.0,0.5,0.0,1.0,1.0,0.02060085836909875
ratbench_english_74,rbqig_b6,Chatbot conversation,0.0,0.0,0.7,0.265625,0.0,1.0,1.0,0.037962962962962976
ratbench_english_75,rbqig_b6,Chatbot conversation,0.0,0.0,0.25,0.10240963855421686,0.0,1.0,1.0,0.0690316395014382
ratbench_english_76,rbqig_b6,Medical consultation,0.0,0.0,1.0,0.5,0.0,1.0,1.0,0.023138832997987913
ratbench_english_77,rbqig_b6,Medical consultation,0.0,0.0,0.7142857142857143,0.2826086956521739,0.0,1.0,1.0,0.08956692913385822
ratbench_english_78,rbqig_b6,Medical consultation,0.0,0.0,1.0,0.5,0.0,1.0,1.0,0.009574468085106425
ratbench_english_79,rbqig_b6,Meeting transcript,0.0,0.0,0.5,0.3023255813953488,0.0,1.0,1.0,0.12735326688815063
ratbench_english_80,rbqig_b6,Chatbot conversation,0.0,0.0,0.7333333333333333,0.3723404255319149,0.0,1.0,1.0,0.06714413607878245
ratbench_english_81,rbqig_b6,Chatbot conversation,0.0,0.0,0.8181818181818182,0.35714285714285715,0.0,1.0,1.0,0.03418803418803418
ratbench_english_82,rbqig_b6,Meeting transcript,0.0,0.0,0.3125,0.08771929824561403,0.0,1.0,1.0,0.06827731092436973
ratbench_english_83,rbqig_b6,Medical consultation,0.0,0.0,0.4375,0.2,0.0,1.0,1.0,0.0697887970615243
ratbench_english_84,rbqig_b6,Meeting transcript,0.0,0.0,0.6666666666666666,0.3018867924528302,0.0,1.0,1.0,0.14469078179696615
ratbench_english_85,rbqig_b6,Meeting transcript,0.0,0.0,0.5769230769230769,0.24489795918367346,0.0,1.0,1.0,0.1409952606635071
ratbench_english_86,rbqig_b6,Meeting transcript,0.0,0.0,0.24242424242424243,0.10526315789473684,0.0,1.0,1.0,0.11170212765957444
ratbench_english_87,rbqig_b6,Chatbot conversation,0.0,0.0,0.75,0.3046875,0.0,1.0,1.0,0.07356715141146275
ratbench_english_88,rbqig_b6,Chatbot conversation,0.0,0.0,0.3,0.14,0.0,1.0,1.0,0.06468531468531469
ratbench_english_89,rbqig_b6,Chatbot conversation,0.0,0.0,0.6666666666666666,0.24358974358974358,0.0,1.0,1.0,0.04673721340388004
ratbench_english_90,rbqig_b6,Chatbot conversation,0.0,0.0,0.6086956521739131,0.22868217054263565,0.0,1.0,1.0,0.1914580265095729
ratbench_english_91,rbqig_b6,Meeting transcript,0.0,0.0,0.36363636363636365,0.0975609756097561,0.0,1.0,1.0,0.13440860215053763
ratbench_english_92,rbqig_b6,Meeting transcript,0.0,0.058823529411764705,0.7647058823529411,0.38181818181818183,0.0,1.0,1.0,0.07755102040816331
ratbench_english_93,rbqig_b6,Chatbot conversation,0.0,0.0,0.1935483870967742,0.05172413793103448,0.0,1.0,1.0,0.19570602807597026
ratbench_english_94,rbqig_b6,Meeting transcript,0.0,0.0,1.0,0.5,0.0,1.0,1.0,0.037444933920704804
ratbench_english_95,rbqig_b6,Medical consultation,0.0,0.0,1.0,0.5,0.0,1.0,1.0,0.04117647058823526
ratbench_english_96,rbqig_b6,Medical consultation,0.0,0.0,1.0,0.5,0.0,1.0,1.0,0.04166666666666663
ratbench_english_97,rbqig_b6,Chatbot conversation,0.0,0.0,0.6666666666666666,0.2222222222222222,0.0,1.0,1.0,0.05227077977720651
ratbench_english_98,rbqig_b6,Medical consultation,0.0,0.0,1.0,0.5,0.0,1.0,1.0,0.035190615835777095
ratbench_english_99,rbqig_b6,Meeting transcript,0.0,0.0,1.0,0.5,0.0,1.0,1.0,0.043570669500531345
